City_ID,City,Country,Date,Lat,Lng,Max Temp,Humidity,Cloudiness,Wind Speed,Description
0,Pevek,RU,2022-04-28 23:14:10,69.7008,170.3133,24.76,98,100,7.76,overcast clouds
1,Bredasdorp,ZA,2022-04-28 23:14:10,-34.5322,20.0403,56.61,94,64,4.29,broken clouds
2,Rikitea,PF,2022-04-28 23:14:11,-23.1203,-134.9692,77.23,64,25,18.48,scattered clouds
3,Busselton,AU,2022-04-28 23:14:11,-33.65,115.3333,53.98,80,33,5.61,scattered clouds
4,Aklavik,CA,2022-04-28 23:14:12,68.2191,-135.0107,23.58,80,100,9.55,overcast clouds
5,Saint-Philippe,RE,2022-04-28 23:14:12,-21.3585,55.7679,74.79,81,28,8.95,scattered clouds
6,Torbay,CA,2022-04-28 23:14:12,47.6666,-52.7314,39.76,93,92,4.0,overcast clouds
7,Mataura,NZ,2022-04-28 23:12:07,-46.1927,168.8643,56.48,79,13,1.07,few clouds
8,Lucapa,AO,2022-04-28 23:14:13,-8.4192,20.7447,65.86,97,100,3.18,light rain
9,New Norfolk,AU,2022-04-28 23:12:04,-42.7826,147.0587,63.91,82,3,3.69,clear sky
10,Kodiak,US,2022-04-28 23:11:40,57.79,-152.4072,42.26,69,94,14.32,overcast clouds
11,Altay,CN,2022-04-28 23:14:14,47.8667,88.1167,41.54,38,1,8.28,clear sky
12,Mayo,US,2022-04-28 23:14:14,38.8876,-76.5119,59.18,30,0,13.8,clear sky
13,Masvingo,ZW,2022-04-28 23:14:15,-20.0637,30.8277,55.04,84,61,3.53,broken clouds
14,Esterhazy,CA,2022-04-28 23:14:15,50.65,-102.0843,43.36,84,52,9.93,broken clouds
15,Pryazha,RU,2022-04-28 23:14:15,61.6926,33.6216,31.24,78,100,5.95,overcast clouds
16,Normandin,CA,2022-04-28 23:14:16,48.8333,-72.5321,37.26,54,94,15.66,overcast clouds
17,Ushuaia,AR,2022-04-28 23:14:16,-54.8,-68.3,40.66,87,40,25.32,scattered clouds
18,Westport,US,2022-04-28 23:12:59,41.1415,-73.3579,55.09,23,0,25.32,clear sky
19,Husavik,IS,2022-04-28 23:14:17,66.0449,-17.3389,42.51,67,17,4.07,few clouds
20,Avarua,CK,2022-04-28 23:14:17,-21.2078,-159.775,82.45,74,20,17.27,few clouds
21,Tuktoyaktuk,CA,2022-04-28 23:13:37,69.4541,-133.0374,10.4,85,100,13.8,light snow
22,Bilaspur,IN,2022-04-28 23:14:18,22.0833,82.15,82.76,16,32,4.45,scattered clouds
23,Port Augusta,AU,2022-04-28 23:14:19,-32.5,137.7667,68.61,63,100,6.69,overcast clouds
24,Abdulino,RU,2022-04-28 23:14:19,53.7,53.6667,38.66,80,12,9.75,few clouds
25,Hermanus,ZA,2022-04-28 23:13:25,-34.4187,19.2345,51.8,89,98,4.23,overcast clouds
26,Ponta Do Sol,PT,2022-04-28 23:14:19,32.6667,-17.1,64.71,81,96,3.13,overcast clouds
27,Cape Town,ZA,2022-04-28 23:14:20,-33.9258,18.4232,62.91,87,67,1.99,broken clouds
28,Pisco,PE,2022-04-28 23:14:20,-13.7,-76.2167,66.25,88,98,6.91,overcast clouds
29,Ostrovnoy,RU,2022-04-28 23:14:21,68.0531,39.5131,19.47,77,100,22.48,overcast clouds
30,Fort Nelson,CA,2022-04-28 23:11:37,58.8053,-122.7002,34.18,99,100,8.88,overcast clouds
31,Huarmey,PE,2022-04-28 23:14:21,-10.0681,-78.1522,68.5,85,96,7.85,overcast clouds
32,Raub,MY,2022-04-28 23:14:22,3.7899,101.857,74.16,96,40,1.72,scattered clouds
33,Lasa,IT,2022-04-28 23:09:59,46.6166,10.7002,48.69,72,3,2.62,clear sky
34,Oktyabrskiy,RU,2022-04-28 23:14:22,54.4815,53.471,36.21,80,33,4.63,scattered clouds
35,Kargasok,RU,2022-04-28 23:14:22,59.0556,80.8572,54.48,85,99,12.33,overcast clouds
36,Butaritari,KI,2022-04-28 23:14:23,3.0707,172.7902,81.9,79,99,16.02,overcast clouds
37,Kapaa,US,2022-04-28 23:14:23,22.0752,-159.319,82.38,82,100,16.11,light rain
38,Moron,AR,2022-04-28 23:14:24,-34.6534,-58.6198,55.96,38,0,4.61,clear sky
39,Avera,US,2022-04-28 23:14:24,33.194,-82.5271,76.55,48,5,6.31,clear sky
40,Grindavik,IS,2022-04-28 23:14:25,63.8424,-22.4338,46.87,93,75,12.66,broken clouds
41,Mangai,CD,2022-04-28 23:14:25,-4.05,19.5333,69.82,94,82,1.1,broken clouds
42,Vao,NC,2022-04-28 23:14:25,-22.6667,167.4833,73.45,76,100,24.61,overcast clouds
43,Gat,IL,2022-04-28 23:14:26,31.61,34.7642,70.39,58,0,0.45,clear sky
44,Maumere,ID,2022-04-28 23:14:26,-8.6199,122.2111,79.95,80,97,3.85,overcast clouds
45,Leningradskiy,RU,2022-04-28 23:14:27,69.3833,178.4167,22.66,90,100,2.33,overcast clouds
46,Talnakh,RU,2022-04-28 23:14:27,69.4865,88.3972,8.73,88,100,2.17,overcast clouds
47,Corner Brook,CA,2022-04-28 23:15:27,48.9667,-57.9484,37.56,94,100,8.68,overcast clouds
48,Airai,TL,2022-04-28 23:15:28,-8.9266,125.4092,61.23,77,85,2.55,overcast clouds
49,Punta Arenas,CL,2022-04-28 23:15:28,-53.15,-70.9167,42.91,81,40,21.85,scattered clouds
50,Ovalle,CL,2022-04-28 23:15:29,-30.5983,-71.2003,70.48,41,0,2.26,clear sky
51,Bonthe,SL,2022-04-28 23:15:29,7.5264,-12.505,80.64,84,75,3.78,broken clouds
52,Hilo,US,2022-04-28 23:15:29,19.7297,-155.09,84.27,74,20,13.8,few clouds
53,Qaanaaq,GL,2022-04-28 23:15:30,77.484,-69.3632,27.27,95,99,5.75,light snow
54,Mtwara,TZ,2022-04-28 23:15:30,-10.2667,40.1833,74.14,87,90,13.78,overcast clouds
55,Belaya Gora,RU,2022-04-28 23:15:31,68.5333,146.4167,12.79,86,80,2.77,broken clouds
56,Naerbo,NO,2022-04-28 23:15:31,58.6667,5.65,43.61,92,75,12.44,broken clouds
57,Manzanillo,CU,2022-04-28 23:15:32,20.3433,-77.1167,80.6,51,49,3.62,scattered clouds
58,Esmeralda,CU,2022-04-28 23:15:32,21.8525,-78.1169,77.2,48,34,11.18,scattered clouds
59,Asyut,EG,2022-04-28 23:15:32,27.181,31.1837,77.76,10,43,3.2,scattered clouds
60,Loma Linda,US,2022-04-28 23:14:02,34.0484,-117.2611,75.11,49,40,7.0,haze
61,Kahului,US,2022-04-28 23:14:28,20.8947,-156.47,89.62,43,40,19.57,scattered clouds
62,Bethel,US,2022-04-28 23:15:33,41.3712,-73.414,52.48,35,4,11.99,clear sky
63,Thompson,CA,2022-04-28 23:15:33,55.7435,-97.8558,48.36,37,75,12.66,broken clouds
64,Baghdad,IQ,2022-04-28 23:15:34,33.3406,44.4009,76.91,44,75,9.22,dust
65,Kui Buri,TH,2022-04-28 23:15:34,12.0828,99.8543,79.99,87,100,4.07,light rain
66,Cabedelo,BR,2022-04-28 23:15:35,-6.9811,-34.8339,77.67,82,54,11.54,broken clouds
67,Arlit,NE,2022-04-28 23:15:35,18.7369,7.3853,79.81,7,3,9.06,clear sky
68,Jamestown,US,2022-04-28 23:15:35,42.097,-79.2353,45.01,39,0,10.36,clear sky
69,Ketchikan,US,2022-04-28 23:15:35,55.3422,-131.6461,54.07,50,0,9.22,clear sky
70,Tilichiki,RU,2022-04-28 23:15:36,60.4667,166.1,31.77,94,88,8.34,overcast clouds
71,Gurjaani,GE,2022-04-28 23:15:36,41.7429,45.8011,61.56,77,84,4.45,broken clouds
72,Hay River,CA,2022-04-28 23:15:37,60.8156,-115.7999,39.16,60,20,13.8,few clouds
73,Ponta Delgada,PT,2022-04-28 23:15:37,37.7333,-25.6667,63.5,88,75,21.85,light rain
74,Khatanga,RU,2022-04-28 23:15:37,71.9667,102.5,14.45,93,99,6.98,overcast clouds
75,Tasiilaq,GL,2022-04-28 23:15:38,65.6145,-37.6368,30.36,87,6,5.5,clear sky
76,Borogontsy,RU,2022-04-28 23:15:38,62.6683,131.1683,24.73,79,69,4.59,broken clouds
77,Nemuro,JP,2022-04-28 23:15:39,43.3236,145.575,42.3,60,100,9.66,overcast clouds
78,Hobart,AU,2022-04-28 23:10:50,-42.8794,147.3294,64.27,89,20,4.61,few clouds
79,Zatyshshya,UA,2022-04-28 23:15:39,47.3335,29.8733,47.7,94,100,8.43,light rain
80,Gorele,TR,2022-04-28 23:15:40,41.0308,39.0031,54.25,91,89,5.28,overcast clouds
81,Manta,EC,2022-04-28 23:12:06,-0.95,-80.7333,82.18,78,40,2.3,scattered clouds
82,Kenai,US,2022-04-28 23:15:40,60.5544,-151.2583,50.02,63,0,10.36,clear sky
83,Kabansk,RU,2022-04-28 23:15:41,52.0486,106.6528,33.06,62,68,3.02,broken clouds
84,Dikson,RU,2022-04-28 23:15:41,73.5069,80.5464,6.87,91,73,19.08,broken clouds
85,Hithadhoo,MV,2022-04-28 23:12:04,-0.6,73.0833,84.81,69,81,7.63,broken clouds
86,Vaini,TO,2022-04-28 23:14:57,-21.2,-175.2,82.56,61,40,12.66,scattered clouds
87,Albany,US,2022-04-28 23:12:43,42.6001,-73.9662,50.41,25,15,1.99,few clouds
88,Lahaina,US,2022-04-28 23:15:42,20.8783,-156.6825,89.6,77,30,8.39,scattered clouds
89,Maltahohe,NA,2022-04-28 23:15:42,-24.8333,16.9833,63.82,40,0,9.57,clear sky
90,Bluff,NZ,2022-04-28 23:15:43,-46.6,168.3333,51.08,80,42,7.45,scattered clouds
91,Ponnani,IN,2022-04-28 23:15:43,10.767,75.9252,81.72,83,72,4.56,broken clouds
92,Lebu,CL,2022-04-28 23:15:43,-37.6167,-73.65,51.76,76,5,16.31,clear sky
93,Hambantota,LK,2022-04-28 23:15:44,6.1241,81.1185,80.51,82,99,8.08,overcast clouds
94,Kerman,IR,2022-04-28 23:15:44,30.2832,57.0788,60.66,25,0,6.91,clear sky
95,Praya,CV,2022-04-28 23:15:45,14.9215,-23.5087,70.34,73,20,18.41,few clouds
96,Puerto Ayora,EC,2022-04-28 23:16:45,-0.7393,-90.3518,74.12,80,11,8.84,few clouds
97,Dungarvan,IE,2022-04-28 23:16:45,52.0881,-7.6253,45.55,100,96,1.99,overcast clouds
98,Barrow,US,2022-04-28 23:16:46,71.2906,-156.7887,8.62,78,100,20.71,haze
99,Saskylakh,RU,2022-04-28 23:16:46,71.9167,114.0833,23.38,91,100,11.52,overcast clouds
100,East London,ZA,2022-04-28 23:16:47,-33.0153,27.9116,65.91,47,3,7.52,clear sky
101,Mount Gambier,AU,2022-04-28 23:16:47,-37.8333,140.7667,63.36,74,97,8.75,overcast clouds
102,Santos Reyes Nopala,MX,2022-04-28 23:16:48,16.1092,-97.1561,78.17,66,34,5.23,scattered clouds
103,Nyurba,RU,2022-04-28 23:16:48,63.2842,118.3319,30.0,88,85,3.8,overcast clouds
104,Narsaq,GL,2022-04-28 23:16:48,60.9167,-46.05,48.42,78,100,2.28,overcast clouds
105,Palauig,PH,2022-04-28 23:16:49,15.435,119.9045,83.07,69,100,2.3,overcast clouds
106,Bandarbeyla,SO,2022-04-28 23:16:49,9.4942,50.8122,82.87,78,21,4.74,few clouds
107,Chokurdakh,RU,2022-04-28 23:16:49,70.6333,147.9167,2.91,94,95,3.74,overcast clouds
108,La Asuncion,VE,2022-04-28 23:16:50,11.0333,-63.8628,82.13,89,71,13.8,broken clouds
109,Rocha,UY,2022-04-28 23:16:50,-34.4833,-54.3333,49.39,62,0,7.47,clear sky
110,Sarh,TD,2022-04-28 23:15:05,9.1429,18.3923,79.56,61,30,0.54,scattered clouds
111,Longyearbyen,SJ,2022-04-28 23:16:51,78.2186,15.6401,6.64,61,40,18.41,scattered clouds
112,Guerrero Negro,MX,2022-04-28 23:16:51,27.9769,-114.0611,64.94,60,1,21.99,clear sky
113,Matara,LK,2022-04-28 23:16:52,5.9485,80.5353,79.9,84,100,4.65,overcast clouds
114,Verkhnyaya Inta,RU,2022-04-28 23:16:52,65.9811,60.3094,23.07,76,24,10.29,few clouds
115,Fortuna,US,2022-04-28 23:15:56,40.5982,-124.1573,59.09,62,20,13.8,few clouds
116,Lewisville,US,2022-04-28 23:14:56,33.0462,-96.9942,83.16,58,75,23.02,broken clouds
117,Upernavik,GL,2022-04-28 23:16:53,72.7868,-56.1549,14.85,89,51,4.09,broken clouds
118,Wewak,PG,2022-04-28 23:16:53,-3.5534,143.6268,82.8,72,87,3.71,moderate rain
119,Galdar,ES,2022-04-28 23:16:53,28.147,-15.6502,64.9,76,92,14.16,overcast clouds
120,Xiuyan,CN,2022-04-28 23:13:01,40.2928,123.2744,49.23,47,0,3.98,clear sky
121,Coruripe,BR,2022-04-28 23:16:54,-10.1256,-36.1756,77.34,80,100,9.06,overcast clouds
122,Vila Velha,BR,2022-04-28 23:14:37,-20.3297,-40.2925,78.75,89,0,4.61,clear sky
123,Marzuq,YE,2022-04-28 23:16:54,14.4,46.4667,70.5,59,69,1.61,broken clouds
124,Pyapon,MM,2022-04-28 23:16:55,16.2833,95.6833,81.91,76,97,4.09,overcast clouds
125,Turukhansk,RU,2022-04-28 23:16:55,65.8167,87.9833,33.57,98,100,7.23,light snow
126,Beloha,MG,2022-04-28 23:16:56,-25.1667,45.05,64.36,69,44,9.86,scattered clouds
127,Codrington,AU,2022-04-28 23:16:56,-38.2667,141.9667,65.32,67,90,15.01,moderate rain
128,Kokopo,PG,2022-04-28 23:16:56,-4.352,152.2633,83.17,64,100,2.62,overcast clouds
129,Barentu,ER,2022-04-28 23:16:57,15.1139,37.5928,78.91,42,3,4.43,clear sky
130,Kozan,TR,2022-04-28 23:16:57,37.4552,35.8157,63.14,53,0,2.46,clear sky
131,Bull Savanna,JM,2022-04-28 23:16:58,17.8868,-77.5902,75.58,76,48,6.4,moderate rain
132,Luba,GQ,2022-04-28 23:16:58,3.4568,8.5547,80.65,81,15,6.06,few clouds
133,Provideniya,RU,2022-04-28 23:16:59,64.3833,-173.3,32.36,80,75,18.01,light shower snow
134,Ribeira Grande,PT,2022-04-28 23:16:59,38.5167,-28.7,63.0,94,75,16.11,light rain
135,Tynda,RU,2022-04-28 23:16:59,55.1667,124.7167,31.93,49,10,10.18,clear sky
136,College,US,2022-04-28 23:17:00,64.8569,-147.8028,54.09,40,75,4.61,broken clouds
137,Castro,BR,2022-04-28 23:12:12,-24.7911,-50.0119,63.73,91,62,4.23,broken clouds
138,Tuatapere,NZ,2022-04-28 23:17:00,-46.1333,167.6833,53.6,76,35,3.71,scattered clouds
139,Bambous Virieux,MU,2022-04-28 23:17:01,-20.3428,57.7575,75.22,94,40,3.44,scattered clouds
140,Tono,JP,2022-04-28 23:17:01,39.3167,141.5333,47.23,45,100,3.36,overcast clouds
141,Beringovskiy,RU,2022-04-28 23:18:02,63.05,179.3167,22.75,90,91,13.42,overcast clouds
142,Hasaki,JP,2022-04-28 23:15:16,35.7333,140.8333,61.29,73,90,12.53,overcast clouds
143,Carnarvon,AU,2022-04-28 23:18:02,-24.8667,113.6333,60.87,72,0,12.66,clear sky
144,Biharamulo,TZ,2022-04-28 23:18:03,-2.6319,31.3089,61.57,95,99,2.51,moderate rain
145,Kirakira,SB,2022-04-28 23:18:03,-10.4544,161.9205,84.79,72,100,4.92,overcast clouds
146,Bacolod,PH,2022-04-28 23:18:04,10.6667,122.95,80.82,79,100,4.7,overcast clouds
147,Constitucion,CL,2022-04-28 23:15:05,-35.3333,-72.4167,52.39,66,0,8.93,clear sky
148,Mandalgovi,MN,2022-04-28 23:18:04,45.7625,106.2708,30.6,32,3,15.21,clear sky
149,Taoudenni,ML,2022-04-28 23:18:05,22.6783,-3.9836,85.53,10,0,7.38,clear sky
150,Miraflores,MX,2022-04-28 23:18:05,19.2167,-98.8083,76.03,39,57,6.29,broken clouds
151,Mar Del Plata,AR,2022-04-28 23:13:35,-38.0023,-57.5575,48.87,85,20,11.99,few clouds
152,Teknaf,BD,2022-04-28 23:18:05,20.8624,92.3058,77.65,90,16,2.64,few clouds
153,Zhangye,CN,2022-04-28 23:18:06,38.9342,100.4517,49.71,22,100,16.67,overcast clouds
154,Luderitz,NA,2022-04-28 23:18:06,-26.6481,15.1594,61.81,67,23,8.81,few clouds
155,Ambulu,ID,2022-04-28 23:18:07,-8.345,113.6058,75.38,86,97,2.21,overcast clouds
156,Nikolskoye,RU,2022-04-28 23:13:26,59.7035,30.7861,37.87,61,100,8.43,overcast clouds
157,Guaraniacu,BR,2022-04-28 23:18:07,-25.1008,-52.8781,64.87,95,67,1.14,broken clouds
158,Inuvik,CA,2022-04-28 23:18:08,68.3499,-133.7218,23.86,58,40,9.22,scattered clouds
159,Dehloran,IR,2022-04-28 23:18:08,32.6941,47.2679,76.53,43,100,5.91,overcast clouds
160,Kruisfontein,ZA,2022-04-28 23:18:08,-34.0033,24.7314,58.44,59,12,3.87,few clouds
161,Shimoda,JP,2022-04-28 23:18:09,34.6667,138.95,61.16,83,98,15.48,overcast clouds
162,Nossa Senhora Das Dores,BR,2022-04-28 23:18:09,-10.4917,-37.1933,71.47,92,100,3.51,overcast clouds
163,Hamilton,US,2022-04-28 23:14:13,39.1834,-84.5333,62.31,50,100,9.22,overcast clouds
164,Iqaluit,CA,2022-04-28 23:18:10,63.7506,-68.5145,13.73,57,75,9.22,broken clouds
165,Bambanglipuro,ID,2022-04-28 23:18:10,-7.95,110.2833,76.89,88,74,3.78,broken clouds
166,Walvis Bay,NA,2022-04-28 23:18:11,-22.9575,14.5053,67.15,59,1,3.44,clear sky
167,Tiksi,RU,2022-04-28 23:18:11,71.6872,128.8694,11.3,90,37,5.99,scattered clouds
168,Gomel,BY,2022-04-28 23:18:12,52.4345,30.9754,44.58,65,0,6.71,clear sky
169,Plettenberg Bay,ZA,2022-04-28 23:18:12,-34.0527,23.3716,60.66,67,9,3.8,clear sky
170,Pacific Grove,US,2022-04-28 23:18:12,36.6177,-121.9166,66.54,67,20,14.97,few clouds
171,Prado,BR,2022-04-28 23:18:13,-17.3411,-39.2208,75.87,85,1,5.79,clear sky
172,Sompeta,IN,2022-04-28 23:18:13,18.9333,84.6,81.05,73,32,9.01,scattered clouds
173,Rosetta,EG,2022-04-28 23:18:14,31.4044,30.4164,62.69,76,0,9.19,clear sky
174,Balikpapan,ID,2022-04-28 23:18:14,-1.2675,116.8289,77.99,89,20,0.0,few clouds
175,Severo-Kurilsk,RU,2022-04-28 23:18:14,50.6789,156.125,34.47,92,100,14.29,overcast clouds
176,Moose Factory,CA,2022-04-28 23:18:15,51.2585,-80.6094,42.8,33,0,8.05,clear sky
177,Atuona,PF,2022-04-28 23:18:15,-9.8,-139.0333,78.87,77,66,19.69,light rain
178,Farah,AF,2022-04-28 23:18:16,32.5,62.5,75.52,27,2,4.99,clear sky
179,Tutoia,BR,2022-04-28 23:18:16,-2.7619,-42.2744,77.85,90,87,7.99,overcast clouds
180,Hami,CN,2022-04-28 23:18:17,42.8,93.45,53.56,23,70,12.19,broken clouds
181,Jacqueville,CI,2022-04-28 23:18:17,5.2052,-4.4146,79.47,82,100,9.19,overcast clouds
182,Port Lincoln,AU,2022-04-28 23:15:38,-34.7333,135.8667,63.27,81,99,11.39,overcast clouds
183,Kloulklubed,PW,2022-04-28 23:18:18,7.0419,134.2556,73.9,76,100,6.33,heavy intensity rain
184,Shakiso,ET,2022-04-28 23:18:18,5.75,38.9167,57.54,97,82,1.7,broken clouds
185,Behbahan,IR,2022-04-28 23:18:19,30.5959,50.2417,74.82,37,77,2.35,broken clouds
186,Port Alfred,ZA,2022-04-28 23:18:19,-33.5906,26.891,67.05,51,10,10.85,clear sky
187,Whitehorse,CA,2022-04-28 23:19:20,60.7161,-135.0538,48.09,44,75,8.05,broken clouds
188,Naze,JP,2022-04-28 23:19:20,28.3667,129.4833,74.32,89,78,18.48,broken clouds
189,Jardim,BR,2022-04-28 23:19:21,-21.4803,-56.1381,78.46,43,62,1.14,broken clouds
190,Cidreira,BR,2022-04-28 23:19:21,-30.1811,-50.2056,66.27,88,99,11.07,overcast clouds
191,Bengkulu,ID,2022-04-28 23:19:21,-3.8004,102.2655,77.09,84,100,4.12,moderate rain
192,Soyo,AO,2022-04-28 23:19:22,-6.1349,12.3689,75.76,94,100,7.16,moderate rain
193,Miguelopolis,BR,2022-04-28 23:19:22,-20.1794,-48.0319,80.42,47,7,3.18,clear sky
194,Camacha,PT,2022-04-28 23:19:23,33.0833,-16.3333,58.42,72,40,8.05,scattered clouds
195,Maniitsoq,GL,2022-04-28 23:19:23,65.4167,-52.9,31.87,99,100,12.41,snow
196,Enterprise,US,2022-04-28 23:19:23,36.0252,-115.2419,83.32,9,0,23.02,clear sky
197,Laguna,US,2022-04-28 23:17:12,38.421,-121.4238,73.94,33,0,4.61,clear sky
198,Kurilsk,RU,2022-04-28 23:19:24,45.2333,147.8833,36.12,81,39,11.59,scattered clouds
199,Poum,NC,2022-04-28 23:19:24,-20.2333,164.0167,73.47,86,100,15.43,overcast clouds
200,Mangrol,IN,2022-04-28 23:19:25,21.1167,70.1167,81.82,76,0,9.62,clear sky
201,Mahebourg,MU,2022-04-28 23:19:25,-20.4081,57.7,75.25,94,40,3.44,scattered clouds
202,Twentynine Palms,US,2022-04-28 23:19:25,34.1356,-116.0542,81.14,13,1,5.99,clear sky
203,Batemans Bay,AU,2022-04-28 23:19:26,-35.7167,150.1833,66.09,67,5,4.72,clear sky
204,Norman Wells,CA,2022-04-28 23:19:26,65.282,-126.8329,39.24,56,40,11.5,scattered clouds
205,Ahuimanu,US,2022-04-28 23:19:27,21.4447,-157.8378,85.71,62,20,17.27,few clouds
206,Kuusamo,FI,2022-04-28 23:19:27,65.9667,29.1833,15.84,73,0,2.3,clear sky
207,Pasni,PK,2022-04-28 23:19:27,25.2631,63.471,83.82,69,0,13.56,clear sky
208,Kozuchow,PL,2022-04-28 23:19:28,51.7456,15.5949,44.67,64,55,4.18,broken clouds
209,Kudahuvadhoo,MV,2022-04-28 23:19:28,2.6708,72.8944,84.0,73,81,7.9,broken clouds
210,Veraval,IN,2022-04-28 23:19:29,20.9,70.3667,81.77,75,0,9.98,clear sky
211,Porto Novo,BJ,2022-04-28 23:19:29,6.4965,2.6036,78.62,77,70,3.42,broken clouds
212,Stonewall,CA,2022-04-28 23:16:20,50.1344,-97.3268,46.08,65,100,4.03,overcast clouds
213,Clyde River,CA,2022-04-28 23:19:30,70.4692,-68.5914,5.23,85,75,9.22,broken clouds
214,Namibe,AO,2022-04-28 23:19:30,-15.1961,12.1522,73.45,69,21,1.79,few clouds
215,Nanma,CN,2022-04-28 23:19:30,36.1817,118.1583,46.47,76,16,2.75,few clouds
216,Lavrentiya,RU,2022-04-28 23:19:31,65.5833,-171.0,30.45,89,66,10.25,broken clouds
217,Tautira,PF,2022-04-28 23:19:31,-17.7333,-149.15,80.71,75,24,20.78,light rain
218,Chuy,UY,2022-04-28 23:19:32,-33.6971,-53.4616,54.91,65,0,12.1,clear sky
219,Atasu,KZ,2022-04-28 23:19:32,48.6814,71.6433,54.86,42,98,6.85,overcast clouds
220,Olafsvik,IS,2022-04-28 23:19:32,64.8945,-23.7142,44.56,92,55,12.1,broken clouds
221,San,ML,2022-04-28 23:19:20,13.3034,-4.8956,88.39,22,80,3.74,broken clouds
222,Mount Isa,AU,2022-04-28 23:19:33,-20.7333,139.5,82.17,57,34,12.66,scattered clouds
223,Iquique,CL,2022-04-28 23:19:33,-20.2208,-70.1431,64.44,80,96,2.06,overcast clouds
224,Krasnyy Chikoy,RU,2022-04-28 23:19:34,50.3643,108.7512,30.87,52,0,5.19,clear sky
225,Puerto Baquerizo Moreno,EC,2022-04-28 23:19:34,-0.9,-89.6,72.61,84,5,8.57,clear sky
226,Tandil,AR,2022-04-28 23:16:24,-37.3217,-59.1332,41.68,60,4,7.43,clear sky
227,Faanui,PF,2022-04-28 23:19:35,-16.4833,-151.75,82.08,70,6,22.75,clear sky
228,Oga,IT,2022-04-28 23:19:35,46.4631,10.347,45.28,81,4,1.95,clear sky
229,Portland,US,2022-04-28 23:19:36,45.5234,-122.6762,55.11,82,100,12.66,light rain
230,Jalu,LY,2022-04-28 23:19:36,29.0331,21.5482,82.04,10,60,4.83,broken clouds
231,Bac Lieu,VN,2022-04-28 23:19:36,9.285,105.7244,81.97,77,99,3.4,overcast clouds
232,Qandala,SO,2022-04-28 23:19:37,11.472,49.8728,84.76,71,91,5.73,overcast clouds
233,Manzil Salim,TN,2022-04-28 23:19:37,35.8567,8.4765,55.99,57,100,6.58,overcast clouds
234,Vrangel,RU,2022-04-28 23:19:38,42.7297,133.0839,47.61,48,100,3.4,overcast clouds
235,Murwara,IN,2022-04-28 23:20:38,23.85,80.4,87.73,14,70,4.88,broken clouds
236,Honiara,SB,2022-04-28 23:20:38,-9.4333,159.95,85.39,67,97,2.95,overcast clouds
237,Haines Junction,CA,2022-04-28 23:20:39,60.7522,-137.5108,37.35,93,100,2.3,overcast clouds
238,Yellowknife,CA,2022-04-28 23:20:39,62.456,-114.3525,37.92,52,20,21.85,few clouds
239,Cherskiy,RU,2022-04-28 23:20:40,68.75,161.3,18.52,91,100,10.92,overcast clouds
240,Bairiki,KI,2022-04-28 23:20:40,1.3292,172.9752,84.2,74,75,13.8,broken clouds
241,Kerema,PG,2022-04-28 23:20:41,-7.9631,145.7785,81.64,76,100,3.22,overcast clouds
242,Port Elizabeth,ZA,2022-04-28 23:16:39,-33.918,25.5701,61.32,70,0,4.61,clear sky
243,Kigoma,TZ,2022-04-28 23:20:41,-4.8769,29.6267,71.98,82,63,5.06,moderate rain
244,Meulaboh,ID,2022-04-28 23:20:42,4.1363,96.1285,77.2,89,81,3.74,broken clouds
245,Ust-Nera,RU,2022-04-28 23:20:42,64.5667,143.2,15.06,85,99,5.79,overcast clouds
246,Monte Alegre,BR,2022-04-28 23:20:42,-2.0078,-54.0692,75.87,94,100,3.71,overcast clouds
247,Coquimbo,CL,2022-04-28 23:16:43,-29.9533,-71.3436,58.73,82,0,4.61,clear sky
248,San Cristobal,VE,2022-04-28 23:20:43,7.7669,-72.225,73.58,87,90,1.41,overcast clouds
249,Port Hardy,CA,2022-04-28 23:20:43,50.6996,-127.4199,51.8,71,75,3.44,broken clouds
250,Diamantino,BR,2022-04-28 23:20:44,-14.4086,-56.4461,79.36,51,62,2.42,broken clouds
251,Nouadhibou,MR,2022-04-28 23:20:44,20.931,-17.0347,64.38,82,5,14.97,clear sky
252,Christchurch,NZ,2022-04-28 23:20:45,-43.5333,172.6333,61.41,78,78,7.0,broken clouds
253,Chapais,CA,2022-04-28 23:20:45,49.7834,-74.8492,35.38,67,6,9.98,clear sky
254,Souillac,MU,2022-04-28 23:20:46,-20.5167,57.5167,71.98,94,40,3.44,scattered clouds
255,Sinjai,ID,2022-04-28 23:20:46,-5.1241,120.253,77.07,91,41,3.42,scattered clouds
256,Montelibano,CO,2022-04-28 23:20:46,7.9829,-75.4229,76.95,91,100,7.85,overcast clouds
257,Vila Franca Do Campo,PT,2022-04-28 23:20:47,37.7167,-25.4333,63.19,96,100,26.89,moderate rain
258,Geraldton,AU,2022-04-28 23:20:47,-28.7667,114.6,52.21,87,0,8.05,clear sky
259,Palora,EC,2022-04-28 23:20:48,-1.7,-77.9333,75.31,98,100,2.15,light rain
260,Igarka,RU,2022-04-28 23:20:48,67.4667,86.5833,22.48,86,100,12.82,overcast clouds
261,Sao Miguel Do Araguaia,BR,2022-04-28 23:20:48,-13.275,-50.1628,76.24,59,3,3.78,clear sky
262,Gdov,RU,2022-04-28 23:20:49,58.7406,27.8122,35.55,90,98,11.43,overcast clouds
263,Kuching,MY,2022-04-28 23:16:43,1.55,110.3333,75.42,100,20,2.3,few clouds
264,Alice Springs,AU,2022-04-28 23:18:31,-23.7,133.8833,76.55,33,25,0.0,scattered clouds
265,Kizema,RU,2022-04-28 23:20:49,61.113,44.8302,23.65,76,15,5.5,few clouds
266,Tchaourou,BJ,2022-04-28 23:20:50,8.8865,2.5975,76.5,77,85,0.87,overcast clouds
267,Ballater,GB,2022-04-28 23:20:50,57.0493,-3.0402,46.56,81,100,3.09,overcast clouds
268,Staraya Toropa,RU,2022-04-28 23:20:51,56.2801,31.6702,30.67,62,41,3.71,scattered clouds
269,Elizabeth City,US,2022-04-28 23:16:25,36.2946,-76.2511,62.62,33,0,11.5,clear sky
270,Road Town,VG,2022-04-28 23:20:51,18.4167,-64.6167,77.09,65,40,9.22,scattered clouds
271,Saint Anthony,US,2022-04-28 23:20:52,45.0205,-93.218,51.73,60,0,14.97,clear sky
272,San Quintin,MX,2022-04-28 23:20:42,30.4833,-115.95,61.72,63,6,23.22,clear sky
273,Samarai,PG,2022-04-28 23:20:52,-10.6167,150.6667,82.72,75,20,8.97,few clouds
274,Talas,TR,2022-04-28 23:20:53,38.6908,35.5538,47.07,53,0,0.0,clear sky
275,Chernyshevskiy,RU,2022-04-28 23:20:53,63.0128,112.4714,27.43,85,87,3.31,overcast clouds
276,Rabo De Peixe,PT,2022-04-28 23:20:53,37.8,-25.5833,62.28,87,75,21.85,light rain
277,Mikhaylovka,RU,2022-04-28 23:20:54,50.06,43.2379,45.7,65,23,6.76,few clouds
278,Warri,NG,2022-04-28 23:21:54,5.5167,5.75,76.48,92,99,3.51,overcast clouds
279,Lagoa,PT,2022-04-28 23:21:55,39.05,-27.9833,60.96,93,100,16.62,overcast clouds
280,Sire,NG,2022-04-28 23:21:55,12.9299,5.2043,86.49,23,23,7.74,few clouds
281,Rawson,AR,2022-04-28 23:21:56,-43.3002,-65.1023,47.71,32,63,10.25,broken clouds
282,Mokhsogollokh,RU,2022-04-28 23:21:56,61.4681,128.9203,27.25,81,29,6.53,scattered clouds
283,Esperance,AU,2022-04-28 23:21:57,-33.8667,121.9,51.64,71,83,10.74,light rain
284,Batticaloa,LK,2022-04-28 23:21:57,7.7102,81.6924,79.92,87,91,6.02,overcast clouds
285,Quatre Cocos,MU,2022-04-28 23:21:58,-20.2078,57.7625,75.09,81,3,6.29,clear sky
286,Okhotsk,RU,2022-04-28 23:21:58,59.3833,143.3,30.02,69,100,18.48,overcast clouds
287,Saint George,US,2022-04-28 23:21:59,37.1041,-113.5841,83.62,6,0,12.66,clear sky
288,Oildale,US,2022-04-28 23:21:59,35.4197,-119.0195,71.62,27,0,11.5,clear sky
289,Krivosheino,RU,2022-04-28 23:22:00,57.3431,83.9261,55.11,80,100,11.1,overcast clouds
290,Menongue,AO,2022-04-28 23:21:13,-14.6585,17.691,65.41,71,91,1.3,overcast clouds
291,Fairbanks,US,2022-04-28 23:22:01,64.8378,-147.7164,53.98,39,0,4.61,clear sky
292,Zavetnoye,RU,2022-04-28 23:22:01,47.1194,43.8903,55.58,53,89,14.99,overcast clouds
293,Stromness,GB,2022-04-28 23:22:02,58.965,-3.296,48.16,90,100,5.99,overcast clouds
294,Klaksvik,FO,2022-04-28 23:22:03,62.2266,-6.589,41.92,82,11,3.42,few clouds
295,Huilong,CN,2022-04-28 23:22:03,31.8111,121.655,55.92,86,100,14.74,overcast clouds
296,Viljoenskroon,ZA,2022-04-28 23:22:04,-27.2084,26.9485,54.46,64,1,4.54,clear sky
297,Mbini,GQ,2022-04-28 23:22:04,1.574,9.6134,78.87,85,40,4.43,scattered clouds
298,Mlonggo,ID,2022-04-28 23:22:05,-6.5333,110.7,80.62,82,100,2.53,moderate rain
299,Egvekinot,RU,2022-04-28 23:22:05,66.3167,-179.1667,29.61,75,6,3.38,clear sky
300,Kununurra,AU,2022-04-28 23:22:06,-15.7667,128.7333,80.58,83,91,3.44,overcast clouds
301,Ahipara,NZ,2022-04-28 23:22:06,-35.1667,173.1667,65.57,64,3,9.17,clear sky
302,Oktyabrskoye,RU,2022-04-28 23:22:07,43.0645,44.7417,53.35,87,100,6.71,moderate rain
303,Te Anau,NZ,2022-04-28 23:22:07,-45.4167,167.7167,52.93,78,74,1.54,broken clouds
304,Moyale,KE,2022-04-28 23:22:08,3.5167,39.0584,64.56,91,77,1.86,broken clouds
305,Pilar,BR,2022-04-28 23:22:09,-9.5972,-35.9567,76.93,90,98,3.38,overcast clouds
306,Sitka,US,2022-04-28 23:19:18,57.0531,-135.33,51.69,54,20,8.05,few clouds
307,Grand Gaube,MU,2022-04-28 23:22:09,-20.0064,57.6608,75.38,81,2,1.01,clear sky
308,Broome,US,2022-04-28 23:20:31,42.2506,-75.833,45.7,30,0,21.85,clear sky
309,Dubrovka,RU,2022-04-28 23:22:10,53.6907,33.5071,33.91,85,27,3.76,scattered clouds
310,Ancud,CL,2022-04-28 23:22:10,-41.8697,-73.8203,45.52,79,63,2.64,broken clouds
311,Banting,MY,2022-04-28 23:22:11,2.8167,101.5,77.14,94,50,1.68,scattered clouds
312,Alamor,EC,2022-04-28 23:22:11,-4.0181,-80.0197,63.07,95,100,1.43,light rain
313,Cranbrook,CA,2022-04-28 23:22:12,49.4999,-115.7688,51.64,28,75,6.91,broken clouds
314,Iralaya,HN,2022-04-28 23:22:12,15.0,-83.2333,78.85,82,8,10.16,clear sky
315,Shache,CN,2022-04-28 23:22:13,38.4167,77.2406,57.7,24,42,4.63,scattered clouds
316,Sao Bento,BR,2022-04-28 23:22:13,-6.2833,-37.75,72.82,79,38,2.17,scattered clouds
317,Leh,IN,2022-04-28 23:22:14,34.1667,77.5833,41.79,70,100,4.45,overcast clouds
318,Jobner,IN,2022-04-28 23:22:14,26.9667,75.3833,90.82,14,7,12.8,clear sky
319,Puerto El Triunfo,SV,2022-04-28 23:22:14,13.2833,-88.55,86.92,68,73,6.64,broken clouds
320,Gondanglegi,ID,2022-04-28 23:22:15,-7.7479,112.0132,75.36,95,70,2.55,broken clouds
321,Arman,RU,2022-04-28 23:22:15,59.7,150.1667,31.37,68,100,14.38,overcast clouds
322,Gonzales,US,2022-04-28 23:22:16,30.2385,-90.9201,82.08,33,0,6.91,clear sky
323,Bitung,ID,2022-04-28 23:22:16,1.4451,125.1824,77.85,83,98,0.83,overcast clouds
324,Shingu,JP,2022-04-28 23:23:17,33.7333,135.9833,63.0,97,100,10.49,overcast clouds
325,Bermeo,ES,2022-04-28 23:23:17,43.4209,-2.7215,54.25,88,95,4.52,overcast clouds
326,Kurumkan,RU,2022-04-28 23:23:17,54.3,110.3,31.17,63,4,1.01,clear sky
327,Guapi,CO,2022-04-28 23:23:18,2.5708,-77.8854,77.92,90,75,6.4,moderate rain
328,Karratha,AU,2022-04-28 23:23:18,-20.7377,116.8463,71.78,84,100,13.11,light rain
329,Georgetown,MY,2022-04-28 23:22:48,5.4112,100.3354,78.75,94,20,0.0,few clouds
330,Carora,VE,2022-04-28 23:23:19,10.1755,-70.0827,76.93,80,100,6.2,light rain
331,Bouake,CI,2022-04-28 23:23:19,7.6895,-5.0218,76.53,75,93,3.96,overcast clouds
332,Konongo,GH,2022-04-28 23:23:13,6.6167,-1.2167,72.93,85,100,1.83,overcast clouds
333,Kamaishi,JP,2022-04-28 23:23:20,39.2667,141.8833,50.09,49,100,7.14,overcast clouds
334,Padang,ID,2022-04-28 23:21:55,-0.9492,100.3543,77.05,87,100,3.83,overcast clouds
335,Pangnirtung,CA,2022-04-28 23:23:20,66.1451,-65.7125,18.68,78,100,9.6,overcast clouds
336,Punto Fijo,VE,2022-04-28 23:23:21,11.6956,-70.1996,80.17,76,66,22.5,broken clouds
337,Broken Hill,AU,2022-04-28 23:19:38,-31.95,141.4333,64.11,77,40,8.05,scattered clouds
338,Kataysk,RU,2022-04-28 23:23:21,56.289,62.5841,42.89,71,91,11.03,overcast clouds
339,Ballina,AU,2022-04-28 23:23:21,-28.8667,153.5667,71.78,93,75,4.61,light rain
340,Flinders,AU,2022-04-28 23:23:22,-34.5833,150.8552,73.38,86,1,5.99,clear sky
341,Tamboril,DO,2022-04-28 23:23:23,19.4854,-70.611,77.77,69,75,11.5,broken clouds
342,Puerto Escondido,MX,2022-04-28 23:23:23,15.85,-97.0667,85.03,70,40,6.91,scattered clouds
343,Marquette,US,2022-04-28 23:23:23,46.5333,-87.6335,48.78,52,49,6.6,scattered clouds
344,San Patricio,US,2022-04-28 23:23:24,28.017,-97.5169,83.16,63,20,18.66,few clouds
345,Frankfort,ZA,2022-04-28 23:23:24,-27.2667,28.4833,50.18,60,0,1.92,clear sky
346,Zwedru,LR,2022-04-28 23:23:25,6.0667,-8.1281,73.67,96,99,1.36,overcast clouds
347,Poysdorf,AT,2022-04-28 23:23:25,48.6667,16.6333,47.57,68,19,4.72,few clouds
348,Bathsheba,BB,2022-04-28 23:23:26,13.2167,-59.5167,79.41,89,40,14.97,scattered clouds
349,Flin Flon,CA,2022-04-28 23:23:26,54.7682,-101.865,49.84,46,40,9.22,scattered clouds
350,Niquero,CU,2022-04-28 23:23:26,20.0431,-77.5828,78.19,70,72,10.11,broken clouds
351,Mehamn,NO,2022-04-28 23:23:27,71.0357,27.8492,24.75,63,75,19.57,broken clouds
352,Mitu,CO,2022-04-28 23:23:27,1.1983,-70.1733,74.17,95,83,0.98,light rain
353,Semey,KZ,2022-04-28 23:20:27,50.4111,80.2275,53.6,41,7,8.28,clear sky
354,Segezha,RU,2022-04-28 23:23:28,63.7415,34.3222,29.84,98,100,4.14,snow
355,Canutama,BR,2022-04-28 23:23:28,-6.5339,-64.3831,79.3,83,99,2.8,overcast clouds
356,Talovaya,RU,2022-04-28 23:23:29,51.1144,40.73,48.61,63,93,7.27,overcast clouds
357,Vilyuysk,RU,2022-04-28 23:23:29,63.7553,121.6247,29.43,85,68,2.82,broken clouds
358,Namatanai,PG,2022-04-28 23:23:29,-3.6667,152.4333,84.51,66,100,5.53,overcast clouds
359,Kondinskoye,RU,2022-04-28 23:23:30,59.6481,67.41,41.74,86,99,15.66,overcast clouds
360,Nanortalik,GL,2022-04-28 23:22:15,60.1432,-45.2371,38.75,82,97,4.41,overcast clouds
361,Omsukchan,RU,2022-04-28 23:23:30,62.5333,155.8,27.93,90,100,10.67,overcast clouds
362,Calama,CL,2022-04-28 23:23:31,-22.4667,-68.9333,63.09,8,0,9.22,clear sky
363,Aksu,CN,2022-04-28 23:23:31,41.1231,80.2644,53.67,52,5,7.52,clear sky
364,Aktas,KZ,2022-04-28 23:23:32,49.7789,72.9608,55.89,41,94,5.99,overcast clouds
365,Udachnyy,RU,2022-04-28 23:23:32,66.4167,112.4,35.46,37,100,6.31,overcast clouds
366,Areka,ET,2022-04-28 23:23:32,7.0667,37.7,61.86,89,78,2.64,light rain
367,Arraial Do Cabo,BR,2022-04-28 23:23:09,-22.9661,-42.0278,77.29,83,8,21.39,clear sky
368,Talcahuano,CL,2022-04-28 23:24:33,-36.7167,-73.1167,55.08,50,0,9.22,clear sky
369,Mayumba,GA,2022-04-28 23:24:33,-3.432,10.6554,77.67,87,100,2.19,overcast clouds
370,Goderich,CA,2022-04-28 23:24:34,43.7501,-81.7165,38.91,56,3,13.8,clear sky
371,Tiarei,PF,2022-04-28 23:24:34,-17.5333,-149.3333,84.22,75,37,22.53,light rain
372,Mweka,CD,2022-04-28 23:24:35,-4.85,21.5667,69.01,98,96,1.81,overcast clouds
373,Balkhash,KZ,2022-04-28 23:24:35,46.844,74.9804,53.96,47,15,12.48,few clouds
374,Nome,US,2022-04-28 23:21:45,64.5011,-165.4064,40.15,81,100,12.66,light rain
375,Port Hedland,AU,2022-04-28 23:24:36,-20.3167,118.5667,69.85,100,40,8.05,light rain
376,Berezhany,UA,2022-04-28 23:24:36,49.45,24.9333,42.44,81,47,2.89,scattered clouds
377,Port-Gentil,GA,2022-04-28 23:24:36,-0.7193,8.7815,80.56,89,75,4.61,light rain
378,Sinnamary,GF,2022-04-28 23:24:37,5.3833,-52.95,78.4,85,67,11.01,broken clouds
379,Brae,GB,2022-04-28 23:24:37,60.3964,-1.353,44.91,82,93,2.93,overcast clouds
380,Fenoarivo,MG,2022-04-28 23:24:38,-18.933,47.4354,59.07,82,75,6.91,broken clouds
381,Ilulissat,GL,2022-04-28 23:24:32,69.2167,-51.1,26.62,93,40,4.61,scattered clouds
382,Pospelikha,RU,2022-04-28 23:24:38,51.95,81.7667,51.3,49,20,8.21,few clouds
383,Marawi,PH,2022-04-28 23:24:39,7.9986,124.2928,71.58,89,99,0.65,overcast clouds
384,Villa Carlos Paz,AR,2022-04-28 23:24:39,-31.4241,-64.4978,52.39,24,0,4.0,clear sky
385,Neuquen,AR,2022-04-28 23:19:44,-38.9516,-68.0591,51.69,50,0,0.0,clear sky
386,Aleksandrovsk-Sakhalinskiy,RU,2022-04-28 23:24:40,50.8975,142.1561,33.53,80,90,16.91,overcast clouds
387,Asau,RO,2022-04-28 23:24:40,46.4333,26.4,48.96,100,100,5.44,light rain
388,Shemonaikha,KZ,2022-04-28 23:24:40,50.6328,81.9056,48.94,55,1,5.08,clear sky
389,Necochea,AR,2022-04-28 23:24:41,-38.5473,-58.7368,51.19,55,90,14.65,overcast clouds
390,Bhainsa,IN,2022-04-28 23:24:41,26.9548,76.9012,90.63,14,69,6.76,broken clouds
391,Nouakchott,MR,2022-04-28 23:24:42,18.0858,-15.9785,75.13,68,0,19.44,clear sky
392,Payo,ID,2022-04-28 23:24:42,-3.7508,103.6372,72.19,97,97,2.19,light rain
393,Makakilo City,US,2022-04-28 23:24:42,21.3469,-158.0858,84.52,50,0,17.27,clear sky
394,Half Moon Bay,US,2022-04-28 23:22:48,37.4636,-122.4286,65.62,63,0,35.68,clear sky
395,Vihari,PK,2022-04-28 23:24:43,30.0333,72.35,87.96,12,7,8.97,clear sky
396,Morant Bay,JM,2022-04-28 23:24:43,17.8815,-76.4093,82.02,76,43,10.49,scattered clouds
397,Goundam,ML,2022-04-28 23:24:44,16.4145,-3.6708,84.15,9,19,7.54,few clouds
398,Nyrob,RU,2022-04-28 23:24:44,60.733,56.7202,13.06,97,24,1.5,few clouds
399,Tortosa,ES,2022-04-28 23:24:45,40.8125,0.5216,61.25,52,97,4.27,overcast clouds
400,Tupik,RU,2022-04-28 23:24:45,54.4253,119.9327,32.56,49,85,12.91,overcast clouds
401,Moerai,PF,2022-04-28 23:24:45,-22.4333,-151.3333,80.04,73,2,19.86,clear sky
402,Petropavlovsk-Kamchatskiy,RU,2022-04-28 23:24:46,53.0452,158.6483,37.99,87,75,2.24,broken clouds
403,Puri,IN,2022-04-28 23:24:46,19.8,85.85,82.92,89,7,15.82,clear sky
404,Indramayu,ID,2022-04-28 23:24:47,-6.3264,108.32,79.59,84,83,6.33,broken clouds
405,Chara,RU,2022-04-28 23:24:47,56.9064,118.2631,25.48,67,63,2.66,broken clouds
406,Pilot Butte,CA,2022-04-28 23:24:47,50.4668,-104.4178,62.22,35,40,12.66,scattered clouds
407,Okha,RU,2022-04-28 23:24:48,53.5739,142.9478,30.81,94,100,19.98,light snow
408,Yulara,AU,2022-04-28 23:24:48,-25.2406,130.9889,73.24,40,100,10.36,overcast clouds
409,Mangan,IN,2022-04-28 23:24:49,27.5167,88.5333,69.96,66,96,4.72,overcast clouds
410,Hofn,IS,2022-04-28 23:24:49,64.2539,-15.2082,45.5,68,8,8.9,clear sky
411,Reconquista,AR,2022-04-28 23:20:10,-29.15,-59.65,61.32,69,41,11.43,scattered clouds
412,Ngunguru,NZ,2022-04-28 23:24:50,-35.6167,174.5,63.43,76,13,12.93,few clouds
413,Huron,US,2022-04-28 23:25:50,41.1501,-82.5499,51.67,43,88,8.03,overcast clouds
414,Arnedo,ES,2022-04-28 23:25:50,42.2167,-2.1,51.3,88,100,6.69,overcast clouds
415,Andrelandia,BR,2022-04-28 23:25:51,-21.7397,-44.3092,63.68,81,0,3.15,clear sky
416,Yerbogachen,RU,2022-04-28 23:25:51,61.2767,108.0108,33.84,81,70,6.4,broken clouds
417,Pella,RU,2022-04-28 23:25:52,59.7775,30.8181,37.45,60,100,8.61,overcast clouds
418,Emerald,AU,2022-04-28 23:25:52,-23.5333,148.1667,73.54,73,0,10.36,clear sky
419,Santa Maria,BR,2022-04-28 23:25:43,-29.6842,-53.8069,58.3,94,40,0.0,scattered clouds
420,Minas,UY,2022-04-28 23:25:52,-34.3759,-55.2377,46.8,64,0,5.84,clear sky
421,Tecpatan,MX,2022-04-28 23:25:53,17.1333,-93.3,76.37,78,90,5.82,overcast clouds
422,Sao Filipe,CV,2022-04-28 23:25:53,14.8961,-24.4956,71.64,71,3,6.87,clear sky
423,Botro,CI,2022-04-28 23:25:54,7.8525,-5.3106,75.72,84,92,3.83,overcast clouds
424,Port Pirie,AU,2022-04-28 23:25:54,-33.1833,138.0167,64.49,67,100,1.23,overcast clouds
425,Lompoc,US,2022-04-28 23:25:55,34.6391,-120.4579,72.57,58,0,24.16,clear sky
426,Cabrobo,BR,2022-04-28 23:25:55,-8.5142,-39.31,78.84,63,91,17.96,overcast clouds
427,Launceston,AU,2022-04-28 23:25:55,-41.45,147.1667,64.62,89,40,12.66,scattered clouds
428,Klyuchi,RU,2022-04-28 23:25:56,52.2667,79.1667,55.51,47,76,9.8,broken clouds
429,Urdoma,RU,2022-04-28 23:25:56,61.7533,48.5442,22.8,79,20,5.12,few clouds
430,Ahuatempan,MX,2022-04-28 23:25:57,18.4167,-98.0167,81.7,23,1,7.9,clear sky
431,Ginda,IN,2022-04-28 23:25:57,30.6945,78.4932,61.7,30,43,8.66,scattered clouds
432,Fukue,JP,2022-04-28 23:25:57,32.6881,128.8419,61.16,100,75,17.27,broken clouds
433,Pitimbu,BR,2022-04-28 23:25:58,-7.4706,-34.8086,77.59,81,42,11.77,scattered clouds
434,Panjab,AF,2022-04-28 23:25:58,34.388,67.0233,51.01,62,87,3.96,overcast clouds
435,Yerofey Pavlovich,RU,2022-04-28 23:25:16,53.9667,121.9667,35.11,38,97,10.38,overcast clouds
436,Bay Roberts,CA,2022-04-28 23:25:59,47.5999,-53.2648,38.66,89,98,1.99,overcast clouds
437,Auki,SB,2022-04-28 23:25:59,-8.7676,160.7034,84.63,69,98,1.5,overcast clouds
438,Coahuayana,MX,2022-04-28 23:26:00,18.7333,-103.6833,87.26,46,0,6.8,clear sky
439,Leninogorsk,RU,2022-04-28 23:26:00,54.6026,52.4609,34.2,82,15,4.52,few clouds
440,Bilibino,RU,2022-04-28 23:26:00,68.0546,166.4372,29.84,88,100,1.74,overcast clouds
441,Baherden,TM,2022-04-28 23:23:57,38.4362,57.4316,74.55,38,4,2.17,clear sky
442,Solnechnyy,RU,2022-04-28 23:25:12,50.7214,136.6319,36.84,70,28,2.08,scattered clouds
443,Pierre,US,2022-04-28 23:26:01,44.3683,-100.351,66.06,49,0,12.66,clear sky
444,Terney,RU,2022-04-28 23:26:02,45.0503,136.6092,45.95,42,72,7.09,broken clouds
445,Natagaima,CO,2022-04-28 23:26:02,3.6206,-75.0941,80.87,72,67,2.1,broken clouds
446,Bardiyah,LY,2022-04-28 23:26:03,31.7561,25.0865,64.62,79,1,16.49,clear sky
447,Mitsamiouli,KM,2022-04-28 23:24:25,-11.3847,43.2844,80.83,78,96,21.0,light rain
448,Utica,US,2022-04-28 23:26:03,43.1009,-75.2327,47.35,35,15,5.01,few clouds
449,Howard Springs,AU,2022-04-28 23:26:04,-12.497,131.047,80.82,88,73,0.67,broken clouds
450,Beyneu,KZ,2022-04-28 23:26:04,45.3167,55.2,65.71,32,17,9.75,few clouds
451,Sandnessjoen,NO,2022-04-28 23:26:05,66.0217,12.6316,32.65,82,100,3.0,light snow
452,Kimbe,PG,2022-04-28 23:26:05,-5.5502,150.1429,84.27,73,90,1.61,overcast clouds
453,Chalmette,US,2022-04-28 23:26:05,29.9427,-89.9634,79.0,37,0,9.22,clear sky
454,Kaitangata,NZ,2022-04-28 23:24:13,-46.2817,169.8464,52.27,76,9,1.45,clear sky
455,Vicuna,CL,2022-04-28 23:27:06,-30.0319,-70.7081,51.53,18,0,0.6,clear sky
456,Ampanihy,MG,2022-04-28 23:27:06,-24.7,44.75,62.96,78,0,11.54,clear sky
457,Cururupu,BR,2022-04-28 23:27:07,-1.8283,-44.8683,74.79,95,97,3.36,overcast clouds
458,Korla,CN,2022-04-28 23:27:07,41.7597,86.1469,50.58,57,85,6.93,overcast clouds
459,Cabo San Lucas,MX,2022-04-28 23:24:17,22.8909,-109.9124,85.6,28,0,8.05,clear sky
460,Oum Hadjer,TD,2022-04-28 23:27:08,13.2954,19.6966,89.56,34,53,12.53,broken clouds
461,Coihaique,CL,2022-04-28 23:22:40,-45.5752,-72.0662,33.75,86,40,3.44,scattered clouds
462,Surt,LY,2022-04-28 23:27:08,31.2089,16.5887,63.86,83,3,14.47,clear sky
463,Chabahar,IR,2022-04-28 23:27:09,25.2919,60.643,84.13,69,22,11.77,few clouds
464,Saldanha,ZA,2022-04-28 23:27:09,-33.0117,17.9442,60.85,92,24,14.92,few clouds
465,That Phanom,TH,2022-04-28 23:27:10,16.9364,104.7104,79.41,79,100,1.7,light rain
466,Cerritos,US,2022-04-28 23:24:50,33.8583,-118.0648,73.2,59,20,10.36,few clouds
467,Tabou,CI,2022-04-28 23:27:10,4.423,-7.3528,80.38,77,95,0.6,overcast clouds
468,Koutiala,ML,2022-04-28 23:23:04,12.3917,-5.4642,81.34,59,91,7.14,overcast clouds
469,Osa,RU,2022-04-28 23:27:12,57.2829,55.4567,31.84,88,98,5.21,overcast clouds
470,Sept-Iles,CA,2022-04-28 23:27:12,50.2001,-66.3821,37.06,75,100,13.8,light snow
471,Vredendal,ZA,2022-04-28 23:27:12,-31.6683,18.5012,58.15,88,27,12.26,scattered clouds
472,Coolum Beach,AU,2022-04-28 23:27:13,-26.5333,153.1,74.07,91,88,9.51,overcast clouds
473,Alyangula,AU,2022-04-28 23:27:13,-13.8483,136.4192,82.27,89,98,1.14,overcast clouds
474,Ialibu,PG,2022-04-28 23:27:14,-6.2821,143.9935,60.39,90,98,1.5,overcast clouds
475,Turochak,RU,2022-04-28 23:27:14,52.2576,87.1224,41.5,75,48,3.38,scattered clouds
476,Jambi,ID,2022-04-28 23:26:08,-1.6,103.6167,74.8,98,100,2.62,overcast clouds
477,Asfi,MA,2022-04-28 23:27:15,32.2994,-9.2372,59.52,71,6,21.43,clear sky
478,Cayenne,GF,2022-04-28 23:23:10,4.9333,-52.3333,82.09,1,75,5.75,broken clouds
479,Ruwi,OM,2022-04-28 23:27:15,23.5996,58.5507,87.49,44,6,7.11,clear sky
480,Dunedin,NZ,2022-04-28 23:24:20,-45.8742,170.5036,58.8,65,1,1.01,clear sky
481,Zarate,AR,2022-04-28 23:27:16,-34.0981,-59.0286,51.84,48,0,1.99,clear sky
482,Vardo,NO,2022-04-28 23:27:16,70.3705,31.1107,23.83,72,99,23.64,light snow
483,Seoul,KR,2022-04-28 23:27:07,37.5683,126.9778,51.4,85,100,6.91,overcast clouds
484,Alofi,NU,2022-04-28 23:27:17,-19.0595,-169.9187,82.29,78,75,21.85,light intensity drizzle
485,Ullapool,GB,2022-04-28 23:27:17,57.8987,-5.1604,46.35,72,100,1.77,overcast clouds
486,Luanda,AO,2022-04-28 23:24:04,-8.8368,13.2343,77.0,88,40,10.36,scattered clouds
487,Masty,BY,2022-04-28 23:27:18,53.4122,24.5387,37.22,84,20,3.44,few clouds
488,Hayden,US,2022-04-28 23:27:18,47.766,-116.7866,56.55,42,20,8.05,few clouds
489,Uray,RU,2022-04-28 23:27:18,60.1247,64.7758,36.14,96,100,13.29,overcast clouds
490,Crepy-En-Valois,FR,2022-04-28 23:27:19,49.2336,2.8881,57.33,87,96,6.46,overcast clouds
491,Katsuura,JP,2022-04-28 23:25:54,35.1333,140.3,63.09,84,100,13.31,overcast clouds
492,Monrovia,LR,2022-04-28 23:27:19,6.3005,-10.7969,79.77,81,64,5.23,moderate rain
493,Sao Joao Da Barra,BR,2022-04-28 23:27:20,-21.6403,-41.0511,76.6,87,8,12.35,clear sky
494,Ponte Nova,BR,2022-04-28 23:27:20,-20.4164,-42.9086,68.59,76,3,0.11,clear sky
495,Berlevag,NO,2022-04-28 23:27:21,70.8578,29.0864,24.8,64,100,25.19,light snow
496,Kavieng,PG,2022-04-28 23:27:21,-2.5744,150.7967,84.78,68,100,9.57,overcast clouds
497,Kita,ML,2022-04-28 23:27:21,13.0349,-9.4895,87.73,42,57,2.93,broken clouds
498,Dodge City,US,2022-04-28 23:27:22,37.7528,-100.0171,79.05,50,20,18.41,few clouds
499,Agua Preta,BR,2022-04-28 23:27:22,-8.7075,-35.5306,73.09,92,100,2.64,overcast clouds
500,Barao De Melgaco,BR,2022-04-28 23:27:23,-16.1944,-55.9675,81.91,43,56,3.36,broken clouds
501,Svetlyy,RU,2022-04-28 23:25:30,54.675,20.1347,36.97,59,14,3.24,few clouds
502,Abu Kamal,SY,2022-04-28 23:27:23,34.4506,40.9171,75.9,38,100,12.33,overcast clouds
503,Yeniseysk,RU,2022-04-28 23:27:24,58.4497,92.1703,43.23,95,97,4.92,overcast clouds
504,Darhan,MN,2022-04-28 23:28:24,49.4867,105.9228,34.81,36,4,2.08,clear sky
505,Adrar,MR,2022-04-28 23:28:25,20.5022,-10.0711,76.95,11,0,7.52,clear sky
506,Jijiang,CN,2022-04-28 23:28:25,29.2906,106.2542,68.36,91,88,3.27,overcast clouds
507,Magadan,RU,2022-04-28 23:28:26,59.5667,150.8,33.69,66,100,12.35,overcast clouds
508,Taungdwingyi,MM,2022-04-28 23:28:26,20.0167,95.55,84.2,53,66,7.61,broken clouds
509,Vostok,RU,2022-04-28 23:24:28,46.4856,135.8833,40.23,40,0,4.43,clear sky
510,Iracoubo,GF,2022-04-28 23:28:26,5.4802,-53.2011,78.33,85,74,11.3,broken clouds
511,Ponerihouen,NC,2022-04-28 23:28:27,-21.0833,165.4,71.11,89,100,17.81,moderate rain
512,Makow Mazowiecki,PL,2022-04-28 23:28:27,52.8649,21.1005,35.89,85,20,3.42,few clouds
513,Rhyl,GB,2022-04-28 23:28:28,53.3196,-3.4886,48.85,87,99,3.31,overcast clouds
514,Srednekolymsk,RU,2022-04-28 23:28:28,67.45,153.6833,18.36,86,96,7.02,overcast clouds
515,Cap Malheureux,MU,2022-04-28 23:28:28,-19.9842,57.6142,75.47,81,1,9.98,clear sky
516,Yebaishou,CN,2022-04-28 23:28:29,41.3975,119.6408,49.1,44,1,5.12,clear sky
517,Havoysund,NO,2022-04-28 23:28:29,70.9963,24.6622,26.83,68,100,21.43,snow
518,Vila,PT,2022-04-28 23:28:30,42.0304,-8.1588,49.08,79,13,4.14,few clouds
519,Aranos,NA,2022-04-28 23:28:30,-24.1333,19.1167,67.78,50,71,9.98,broken clouds
520,Bela,IN,2022-04-28 23:28:31,25.9333,81.9833,86.4,13,0,7.0,clear sky
521,Thai Binh,VN,2022-04-28 23:28:31,20.45,106.3333,76.21,95,85,3.0,overcast clouds
522,Suntar,RU,2022-04-28 23:28:31,62.1444,117.6319,32.81,81,100,3.53,overcast clouds
523,Thinadhoo,MV,2022-04-28 23:27:50,0.5333,72.9333,84.61,71,89,7.74,overcast clouds
524,Sibolga,ID,2022-04-28 23:28:32,1.7427,98.7792,76.3,89,99,3.6,overcast clouds
525,Pout,SN,2022-04-28 23:28:32,14.7739,-17.0603,72.36,64,0,16.11,clear sky
526,Cockburn Town,TC,2022-04-28 23:23:40,21.4612,-71.1419,75.18,59,27,11.56,scattered clouds
527,Baykit,RU,2022-04-28 23:28:33,61.67,96.37,38.73,99,100,3.4,overcast clouds
528,Nenjiang,CN,2022-04-28 23:28:33,49.1833,125.2167,43.74,39,100,10.13,overcast clouds
529,Loncoche,CL,2022-04-28 23:28:34,-39.3667,-72.6333,42.73,90,44,2.98,scattered clouds
530,Puerto Del Rosario,ES,2022-04-28 23:24:40,28.5004,-13.8627,64.15,68,20,14.97,few clouds
531,Urucara,BR,2022-04-28 23:28:34,-2.5364,-57.76,77.09,89,96,1.28,overcast clouds
532,Tommot,RU,2022-04-28 23:28:35,58.9564,126.2925,30.02,77,97,2.77,overcast clouds
533,Novosergiyevka,RU,2022-04-28 23:28:35,52.0934,53.6528,47.7,76,63,12.44,broken clouds
534,Mago,RU,2022-04-28 23:28:35,53.2514,140.1822,32.83,81,100,10.25,overcast clouds
535,Mahibadhoo,MV,2022-04-28 23:28:36,3.7833,72.9667,84.61,73,100,8.55,overcast clouds
536,Sao Gabriel Da Cachoeira,BR,2022-04-28 23:25:50,-0.1303,-67.0892,75.24,97,99,1.7,moderate rain
537,Medea,DZ,2022-04-28 23:28:36,36.2642,2.7539,48.58,97,100,3.04,light rain
538,Kassala,SD,2022-04-28 23:28:37,15.451,36.4,85.3,30,2,8.28,clear sky
539,Richards Bay,ZA,2022-04-28 23:25:59,-28.783,32.0377,63.41,88,0,9.98,clear sky
540,Lima,PE,2022-04-28 23:28:37,-12.0432,-77.0282,61.39,23,75,12.66,broken clouds
541,Kupang,ID,2022-04-28 23:28:38,-10.1667,123.5833,77.92,83,47,6.06,scattered clouds
542,Seymchan,RU,2022-04-28 23:28:38,62.8833,152.4333,22.66,81,99,12.26,overcast clouds
543,Krabi,TH,2022-04-28 23:28:38,8.0726,98.9105,77.2,94,20,1.14,mist
544,Selfoss,IS,2022-04-28 23:28:39,63.9331,-20.9971,41.04,82,70,4.0,broken clouds
545,Coachella,US,2022-04-28 23:28:39,33.6803,-116.1739,88.68,19,0,21.85,clear sky
546,Dingle,PH,2022-04-28 23:24:25,10.9995,122.6711,79.59,86,100,7.61,overcast clouds
547,Shirokiy,RU,2022-04-28 23:28:40,49.758,129.523,44.47,46,13,10.74,few clouds
548,Hastings,GB,2022-04-28 23:28:40,50.8552,0.5729,48.33,74,100,14.52,overcast clouds
549,Rincon,US,2022-04-28 23:24:08,32.296,-81.2354,71.56,40,75,12.66,broken clouds
550,Oranjemund,NA,2022-04-28 23:29:41,-28.55,16.4333,55.51,92,0,2.82,clear sky
551,Ternate,ID,2022-04-28 23:29:41,0.8,127.4,80.85,77,96,2.73,overcast clouds
552,Diez,DE,2022-04-28 23:29:41,50.3667,8.0167,52.68,88,39,3.91,scattered clouds
553,Itoman,JP,2022-04-28 23:29:42,26.1247,127.6694,81.37,91,75,17.27,broken clouds
554,Muros,ES,2022-04-28 23:29:42,42.7762,-9.0603,56.08,81,66,9.55,broken clouds
555,Takoradi,GH,2022-04-28 23:25:05,4.8845,-1.7554,78.66,82,100,7.0,overcast clouds
556,Sioux Lookout,CA,2022-04-28 23:26:39,50.1001,-91.917,48.27,15,100,5.75,overcast clouds
557,Sadao,TH,2022-04-28 23:29:43,6.6388,100.4234,76.82,95,53,0.43,broken clouds
558,Oulu,FI,2022-04-28 23:29:43,65.0124,25.4682,26.71,90,0,5.75,clear sky
559,Hauterive,FR,2022-04-28 23:29:44,46.0901,3.4459,50.76,82,90,1.21,overcast clouds
560,Komsomolskiy,UZ,2022-04-28 23:29:44,40.4272,71.7189,63.32,67,97,4.61,overcast clouds
561,Saint-Georges,GD,2022-04-28 23:29:44,12.0564,-61.7485,80.28,89,75,18.41,broken clouds
562,Nyazepetrovsk,RU,2022-04-28 23:29:45,56.0531,59.6028,36.91,75,28,9.33,scattered clouds
563,Wembley,AU,2022-04-28 23:29:45,-31.9333,115.8,52.0,96,0,8.05,clear sky
564,Banda Aceh,ID,2022-04-28 23:29:46,5.5577,95.3222,80.49,81,85,6.46,overcast clouds
565,Usogorsk,RU,2022-04-28 23:29:46,63.4106,48.6872,23.07,88,27,6.82,scattered clouds
566,Esmeraldas,BR,2022-04-28 23:29:47,-19.7625,-44.3139,74.26,56,16,4.54,few clouds
567,Warkworth,NZ,2022-04-28 23:29:47,-36.4,174.6667,64.9,73,39,14.54,scattered clouds
568,Santa Rosa,PH,2022-04-28 23:29:47,14.3122,121.1114,86.09,72,92,12.33,overcast clouds
569,La Ronge,CA,2022-04-28 23:29:48,55.1001,-105.2842,50.25,50,75,8.05,broken clouds
570,Salvador,SV,2022-04-28 23:29:48,13.8333,-88.9167,83.05,67,62,3.4,broken clouds
571,Tres Arroyos,AR,2022-04-28 23:29:49,-38.3739,-60.2798,43.61,54,11,7.05,few clouds
572,Lorengau,PG,2022-04-28 23:29:49,-2.0226,147.2712,83.95,68,100,1.63,overcast clouds
573,Ulan-Ude,RU,2022-04-28 23:29:49,51.8261,107.6098,26.49,74,1,2.24,clear sky
574,Sumbawanga,TZ,2022-04-28 23:29:50,-7.9667,31.6167,56.64,96,85,3.87,overcast clouds
575,Antofagasta,CL,2022-04-28 23:29:50,-23.65,-70.4,61.88,85,99,2.68,overcast clouds
576,Sterling,US,2022-04-28 23:29:01,39.0062,-77.4286,58.21,30,20,13.0,few clouds
577,Leshukonskoye,RU,2022-04-28 23:29:51,64.8989,45.7622,23.94,87,18,8.34,few clouds
578,Salekhard,RU,2022-04-28 23:29:51,66.53,66.6019,10.58,88,100,4.09,overcast clouds
579,Goure,NE,2022-04-28 23:29:52,13.9835,10.2704,82.62,16,66,4.32,broken clouds
580,Xuddur,SO,2022-04-28 23:29:52,4.1213,43.8894,75.72,79,77,7.65,broken clouds
581,Itarema,BR,2022-04-28 23:29:52,-2.9248,-39.9167,77.34,89,72,8.95,broken clouds
582,Paita,PE,2022-04-28 23:29:53,-5.0892,-81.1144,70.25,79,72,14.88,broken clouds
583,Aksarayskiy,RU,2022-04-28 23:29:53,46.7924,48.0119,63.86,66,20,15.28,few clouds
584,Hirara,JP,2022-04-28 23:29:54,24.8,125.2833,82.67,83,20,16.11,few clouds
585,Amli,IN,2022-04-28 23:29:54,20.2833,73.0167,83.25,52,6,4.65,clear sky
586,Umba,RU,2022-04-28 23:29:54,66.6871,34.3429,24.67,82,99,9.71,overcast clouds
587,Bilma,NE,2022-04-28 23:26:09,18.6853,12.9164,86.7,10,68,6.58,broken clouds
588,Rafaela,AR,2022-04-28 23:29:55,-31.2503,-61.4867,56.98,37,0,3.0,clear sky
589,Senanga,ZM,2022-04-28 23:29:55,-16.1167,23.2667,65.01,68,35,4.9,scattered clouds
590,Kristiansund,NO,2022-04-28 23:29:56,63.1115,7.732,39.85,75,100,6.91,overcast clouds
591,Muroto,JP,2022-04-28 23:29:56,33.2833,134.15,66.43,95,100,18.32,moderate rain
592,Eureka,US,2022-04-28 23:27:47,40.8021,-124.1637,63.75,62,25,5.99,scattered clouds
593,Victoria,HK,2022-04-28 23:25:12,22.2855,114.1577,81.97,87,28,5.01,scattered clouds
594,Muyezerskiy,RU,2022-04-28 23:29:57,63.9333,31.65,23.9,97,96,3.49,light snow
595,Kieta,PG,2022-04-28 23:29:57,-6.2167,155.6333,85.12,63,90,3.91,overcast clouds
596,Mount Pleasant,US,2022-04-28 23:25:27,32.7941,-79.8626,73.26,54,0,4.61,clear sky
597,Tazovskiy,RU,2022-04-28 23:30:58,67.4667,78.7,17.74,90,100,7.67,overcast clouds
598,Salalah,OM,2022-04-28 23:30:58,17.0151,54.0924,84.29,84,75,3.44,broken clouds
599,Torit,SS,2022-04-28 23:30:58,4.4133,32.5678,70.97,72,97,3.15,overcast clouds
600,Forestville,US,2022-04-28 23:30:59,38.8451,-76.875,58.3,28,0,12.66,clear sky
601,Ovsyanka,RU,2022-04-28 23:30:59,55.9575,92.5519,50.97,91,84,6.73,broken clouds
602,Lamesa,US,2022-04-28 23:27:37,32.7376,-101.951,93.52,6,2,19.86,clear sky
603,Kokkola,FI,2022-04-28 23:31:00,63.8385,23.1307,29.93,94,0,2.3,clear sky
604,Nalobikha,RU,2022-04-28 23:31:00,53.2006,84.6039,49.91,56,46,8.3,scattered clouds
605,Zhigansk,RU,2022-04-28 23:31:01,66.7697,123.3711,21.07,95,67,10.63,broken clouds
606,General Roca,AR,2022-04-28 23:31:01,-39.0333,-67.5833,46.62,27,73,2.8,broken clouds
607,Poya,NC,2022-04-28 23:31:01,-21.35,165.15,70.9,89,100,7.54,overcast clouds
608,Rockport,US,2022-04-28 23:26:59,28.0206,-97.0544,80.65,75,0,20.71,clear sky
609,Hals,DK,2022-04-28 23:31:02,56.9961,10.3081,40.96,89,38,8.46,scattered clouds
610,Biak,ID,2022-04-28 23:31:02,-0.9131,122.8766,78.82,78,100,2.51,overcast clouds
611,Karuzi,BI,2022-04-28 23:31:03,-3.125,30.1333,61.18,97,95,0.47,light rain
612,Batabano,CU,2022-04-28 23:31:03,22.7164,-82.2881,81.21,56,13,3.65,few clouds
613,Khalkhal,IR,2022-04-28 23:31:04,37.6189,48.5258,49.26,76,31,2.33,scattered clouds
614,Zhaodong,CN,2022-04-28 23:31:04,46.0833,125.9833,51.89,24,45,6.98,scattered clouds
615,Mbour,SN,2022-04-28 23:31:05,14.422,-16.9638,72.45,65,0,14.34,clear sky
616,Moscow,RU,2022-04-28 23:30:09,55.7522,37.6156,37.58,72,89,2.19,overcast clouds
617,Nuristan,AF,2022-04-28 23:31:05,35.3,70.8333,36.88,58,69,8.93,broken clouds
618,Sao Joao Do Paraiso,BR,2022-04-28 23:31:06,-15.3136,-42.0144,67.14,68,15,6.53,few clouds
619,Megalopoli,GR,2022-04-28 23:31:06,37.4011,22.1422,61.41,55,43,4.76,scattered clouds
620,Sorrento,IT,2022-04-28 23:30:30,40.626,14.3744,62.65,67,14,5.01,few clouds
621,Hurghada,EG,2022-04-28 23:31:06,27.2574,33.8129,71.76,41,6,8.46,clear sky
622,Lake Charles,US,2022-04-28 23:28:11,30.2131,-93.2044,78.8,53,40,11.5,scattered clouds
623,Najran,SA,2022-04-28 23:31:07,17.4924,44.1277,66.85,55,9,2.06,clear sky
624,Sola,VU,2022-04-28 23:31:07,-13.8833,167.55,81.16,73,100,5.3,overcast clouds
625,Aromashevo,RU,2022-04-28 23:31:08,56.8602,68.6375,55.38,87,100,10.74,overcast clouds
626,Riosucio,CO,2022-04-28 23:26:11,5.4216,-75.7032,62.01,96,100,1.57,overcast clouds
627,Brigantine,US,2022-04-28 23:31:08,39.4101,-74.3646,55.6,25,0,20.71,clear sky
628,Hargeysa,SO,2022-04-28 23:31:09,9.56,44.065,73.2,61,59,10.18,broken clouds
629,Le Port,RE,2022-04-28 23:31:09,-20.9373,55.2919,75.2,77,61,8.97,broken clouds
630,Lazaro Cardenas,MX,2022-04-28 23:31:10,17.9583,-102.2,83.35,56,1,11.03,clear sky
631,Cuamba,MZ,2022-04-28 23:31:10,-14.8031,36.5372,60.62,97,53,5.64,broken clouds
632,Mogocha,RU,2022-04-28 23:31:10,53.7333,119.7667,33.13,67,100,10.42,overcast clouds
633,Phuket,TH,2022-04-28 23:29:09,8.0,98.25,88.12,84,40,2.3,scattered clouds
634,Bubaque,GW,2022-04-28 23:31:11,11.2833,-15.8333,77.14,74,45,16.71,scattered clouds
635,Chaumont,FR,2022-04-28 23:31:12,48.1167,5.1333,47.37,77,67,6.31,broken clouds
636,Horsham,GB,2022-04-28 23:29:35,51.064,-0.3272,49.53,79,0,6.91,clear sky
637,Sisimiut,GL,2022-04-28 23:31:12,66.9395,-53.6735,25.11,96,100,3.58,light snow
638,Buncrana,IE,2022-04-28 23:31:12,55.1333,-7.45,42.15,90,30,3.13,scattered clouds
639,Bowen,AU,2022-04-28 23:31:13,-20.0167,148.2333,77.34,77,70,14.41,broken clouds
640,Shenjiamen,CN,2022-04-28 23:31:13,29.9576,122.298,56.21,90,100,20.36,overcast clouds
641,Hanna,CA,2022-04-28 23:30:30,51.6334,-111.9018,51.85,34,91,5.99,overcast clouds
642,Ventspils,LV,2022-04-28 23:31:14,57.3894,21.5606,37.33,93,0,2.3,clear sky
643,Lensk,RU,2022-04-28 23:32:14,60.7253,114.9278,34.29,78,97,5.68,overcast clouds
644,Kaeo,NZ,2022-04-28 23:32:15,-35.1,173.7833,64.33,81,10,10.27,clear sky
645,Semporna,MY,2022-04-28 23:32:15,4.4818,118.6112,80.49,82,85,4.34,overcast clouds
646,Ngorongoro,TZ,2022-04-28 23:32:15,-3.2397,35.4875,52.61,97,80,5.14,broken clouds
647,Timmins,CA,2022-04-28 23:32:16,48.4669,-81.3331,49.82,17,0,2.3,clear sky
648,Bereda,ES,2022-04-28 23:32:16,43.2686,-7.5406,48.58,100,14,2.28,few clouds
649,Natal,BR,2022-04-28 23:31:55,-5.795,-35.2094,80.82,89,40,12.66,scattered clouds
650,Bafra,TR,2022-04-28 23:32:17,41.5678,35.9069,55.81,86,100,3.96,overcast clouds
651,Redlands,US,2022-04-28 23:32:17,34.0556,-117.1825,73.31,53,40,5.01,haze
652,Rutland,US,2022-04-28 23:32:18,43.6167,-73.0162,44.74,37,0,18.41,clear sky
653,Ambilobe,MG,2022-04-28 23:32:18,-13.2,49.05,71.96,96,52,3.13,broken clouds
654,Staritsa,RU,2022-04-28 23:32:19,56.5075,34.9354,30.47,72,21,5.32,few clouds
655,Abu Samrah,SY,2022-04-28 23:32:20,35.3029,37.1841,67.15,48,23,4.92,few clouds
656,Hobyo,SO,2022-04-28 23:32:20,5.3505,48.5268,83.08,76,6,9.15,clear sky
657,Clarence Town,AU,2022-04-28 23:32:21,-32.5833,151.7833,72.61,82,39,1.25,scattered clouds
658,Kyabram,AU,2022-04-28 23:32:21,-36.3167,145.05,64.87,71,65,9.8,broken clouds
659,Sakaiminato,JP,2022-04-28 23:32:22,35.55,133.2333,57.18,94,75,16.11,light intensity shower rain
660,Mahajanga,MG,2022-04-28 23:32:22,-15.7167,46.3167,75.27,77,71,11.25,broken clouds
661,Roald,NO,2022-04-28 23:32:22,62.5833,6.1333,45.75,81,75,4.61,broken clouds
662,Praia,CV,2022-04-28 23:32:23,14.9215,-23.5087,70.34,73,20,18.41,few clouds
663,Kulhudhuffushi,MV,2022-04-28 23:32:23,6.6221,73.07,84.31,72,23,0.56,few clouds
664,Sindor,RU,2022-04-28 23:32:24,62.8629,51.8905,22.82,83,13,4.81,few clouds
665,Nantucket,US,2022-04-28 23:32:24,41.2835,-70.0995,51.85,49,100,13.8,overcast clouds
666,Smithers,CA,2022-04-28 23:32:24,54.7804,-127.1743,55.72,28,75,8.05,broken clouds
667,Hovd,MN,2022-04-28 23:32:25,48.0056,91.6419,41.22,30,0,1.32,clear sky
668,Vendome,FR,2022-04-28 23:32:25,47.8,1.0667,53.89,87,45,7.27,scattered clouds
669,Buala,SB,2022-04-28 23:32:26,-8.145,159.5921,85.55,70,96,4.97,overcast clouds
670,Maksi,IN,2022-04-28 23:32:26,23.2667,76.15,84.27,16,4,8.21,clear sky
671,Belyy Yar,RU,2022-04-28 23:32:26,53.6039,91.3903,37.29,60,0,4.47,clear sky
672,Naron,ES,2022-04-28 23:30:32,43.5167,-8.1528,57.6,94,19,5.06,few clouds
673,Ossora,RU,2022-04-28 23:32:27,59.2353,163.0719,31.87,99,100,17.47,snow
674,Alice Town,BS,2022-04-28 23:32:27,25.7167,-79.3,77.04,67,2,8.05,clear sky
675,Poltavka,RU,2022-04-28 23:32:28,54.3663,71.7632,59.41,47,100,10.92,overcast clouds
676,Anadyr,RU,2022-04-28 23:32:28,64.75,177.4833,30.7,80,0,6.71,clear sky
677,Obera,AR,2022-04-28 23:32:28,-27.4871,-55.1199,66.92,95,64,5.35,broken clouds
678,Morros,BR,2022-04-28 23:32:29,-9.4467,-46.3003,75.31,59,89,2.77,overcast clouds
679,Napasar,IN,2022-04-28 23:32:29,27.9667,73.55,82.44,24,8,10.83,clear sky
680,Morondava,MG,2022-04-28 23:32:30,-20.2833,44.2833,72.97,62,0,11.7,clear sky
681,Puro,PH,2022-04-28 23:32:30,12.4841,123.3827,82.6,76,86,12.91,overcast clouds
682,Saint-Augustin,CA,2022-04-28 23:32:31,51.226,-58.6502,34.3,98,100,16.15,snow
683,Xique-Xique,BR,2022-04-28 23:32:31,-10.8218,-42.7263,80.47,57,100,15.66,overcast clouds
684,Pederneiras,BR,2022-04-28 23:32:31,-22.3517,-48.775,83.98,68,3,3.0,clear sky
685,Atar,MR,2022-04-28 23:32:32,20.5169,-13.0499,77.7,15,29,6.49,scattered clouds
686,Barranca,PE,2022-04-28 23:32:32,-10.75,-77.7667,66.09,89,96,5.03,overcast clouds
687,San Jose,US,2022-04-28 23:30:57,37.3394,-121.895,65.88,47,20,17.27,few clouds
688,Floro,NO,2022-04-28 23:32:33,61.5996,5.0328,42.76,70,100,0.0,overcast clouds
689,Krasnoselkup,RU,2022-04-28 23:32:33,65.7,82.4667,25.75,96,100,15.12,light snow
690,Lahore,PK,2022-04-28 23:32:34,31.5497,74.3436,82.38,44,13,17.27,haze
691,North Bend,US,2022-04-28 23:30:30,43.4065,-124.2243,57.24,82,100,13.8,overcast clouds
692,Arinos,BR,2022-04-28 23:33:34,-15.9169,-46.1056,79.05,47,62,2.35,broken clouds
693,Klaten,ID,2022-04-28 23:33:34,-7.7058,110.6064,78.19,84,88,1.3,overcast clouds
694,Isangel,VU,2022-04-28 23:33:35,-19.55,169.2667,74.37,91,100,17.72,moderate rain
695,Labuhan,ID,2022-04-28 23:33:35,-6.8844,112.2051,80.35,85,70,4.38,broken clouds
696,Coruche,PT,2022-04-28 23:33:36,38.9595,-8.5252,61.02,80,56,5.66,broken clouds
697,Green River,US,2022-04-28 23:33:36,41.5286,-109.4662,63.99,28,100,8.99,overcast clouds
698,Wasilla,US,2022-04-28 23:33:36,61.5814,-149.4394,48.18,60,100,4.61,overcast clouds
699,Naifaru,MV,2022-04-28 23:30:21,5.4444,73.3657,84.58,70,90,3.62,overcast clouds
700,Shelburne,CA,2022-04-28 23:33:37,44.0787,-80.2041,41.79,29,0,6.49,clear sky
701,Hornepayne,CA,2022-04-28 23:33:37,49.2138,-84.7705,39.88,74,20,3.0,few clouds
702,Radzyn Podlaski,PL,2022-04-28 23:33:38,51.7833,22.6167,39.43,88,16,4.36,few clouds
703,Griffith,US,2022-04-28 23:30:11,41.5284,-87.4237,51.73,62,100,13.8,overcast clouds
704,Butterworth,MY,2022-04-28 23:33:38,5.3991,100.3638,78.85,94,20,0.0,few clouds
705,Sur,OM,2022-04-28 23:33:39,22.5667,59.5289,87.26,43,80,7.63,broken clouds
706,Tual,ID,2022-04-28 23:33:39,-5.6667,132.75,85.03,68,97,12.39,overcast clouds
707,Tukrah,LY,2022-04-28 23:33:40,32.5341,20.5791,69.82,41,50,16.4,scattered clouds
708,Los Andes,CL,2022-04-28 23:33:40,-32.8337,-70.5983,59.02,28,0,2.75,clear sky
709,Tirumullaivasal,IN,2022-04-28 23:33:40,11.2333,79.8333,82.81,82,39,6.49,scattered clouds
710,Kochki,RU,2022-04-28 23:33:41,54.3358,80.4806,57.33,58,100,11.95,overcast clouds
711,Robertsport,LR,2022-04-28 23:33:41,6.7533,-11.3686,78.89,83,81,12.39,moderate rain
712,Lake Havasu City,US,2022-04-28 23:31:18,34.4839,-114.3224,90.21,10,0,17.27,clear sky
